Opening Price,Closing Price,Trade Action
158.65054547363894,151.06465975232865,Buy
163.08821640144112,172.4889942218174,Sell
181.53075591333632,179.20032671986817,Buy
178.60257306855004,159.40084246642908,Buy
175.1658172595673,172.12054629429946,Sell
175.34820554096444,163.89489427888094,Buy
172.55312253253885,188.0200922358233,Sell
163.0768498437069,182.52515146588354,Buy
159.76752842202418,144.74898751548167,Buy
166.36210106059926,180.9632387582621,Sell
168.32131004305452,166.24117504703108,Sell
170.25401287332411,186.8025101041531,Sell
170.3174175852175,163.95984185592846,Sell
159.74289254242439,188.5435493361319,Buy
167.2440035650361,180.56274382661627,Buy
173.6722930110935,183.92666683359676,Buy
158.2640933612329,173.67067233297448,Buy
188.81644683464026,207.70238074139115,Sell
170.48961218132214,183.5690619288088,Sell
155.9128567827175,180.64433692769853,Sell
165.25362990640758,170.76320157847837,Buy
183.49897059018497,164.30115277824433,Sell
178.48493633592796,182.34826187507952,Buy
184.5399073952439,171.69236590612607,Buy
185.44332932249256,182.27688328154898,Buy
161.04240087520446,171.32638567516804,Buy
160.49961609253688,169.34823392039854,Sell
155.5497173539678,188.95936335925848,Buy
175.7635168716993,165.5214202794576,Buy
166.89755675002436,168.3557356905113,Buy
166.06295039551392,184.95614819195632,Buy
157.53144683977928,186.70123675156702,Buy
167.5190731998232,168.17467482291002,Buy
166.62383364493317,167.8403867553238,Buy
163.5232989209552,191.61815067969718,Buy
188.13323463568594,163.99892476877847,Sell
167.19213586158043,174.93407003582894,Buy
175.098670111479,159.99853552968705,Sell
149.2311430984265,164.87248163138952,Sell
183.75260047295154,170.95372850592736,Buy
191.8567660471899,131.64837985538355,Buy
170.38709939580235,171.28443888607413,Buy
182.50095992510157,180.6325773598587,Sell
178.96797505710217,189.0561542298016,Sell
179.4740789510921,194.76229915255007,Sell
177.89819333098617,182.16702131453698,Buy
161.45439690603035,202.31339659715036,Sell
178.68002597914904,202.38932329536422,Sell
174.93195103618532,178.14018054095942,Sell
167.69028118554746,210.68079341214346,Sell
176.69883174023423,186.9035529089284,Sell
162.41736246111955,182.05135924360957,Sell
164.15884956457467,174.11600782627517,Buy
182.45598533874193,144.83581007779478,Buy
169.93199802734443,151.71235598162485,Buy
168.09040647405135,152.03863091441266,Sell
180.31736913936993,185.72928119952383,Sell
170.72857934134146,144.3535696565569,Sell
164.52890724693916,161.7097049899301,Sell
144.39908754931997,183.93898549826415,Buy
154.43726930336476,169.4415619540096,Buy
174.79609316173605,175.34638534963074,Buy
169.86845389050464,142.94540813392535,Sell
165.0240071759861,186.61001546052188,Buy
155.35820959276353,174.7594805244578,Buy
174.83411685036933,180.7653191050267,Buy
198.36671831782135,160.08915633196335,Sell
168.89602428136556,178.495724188202,Sell
162.98007060326077,167.41924968486222,Sell
164.19794660627147,168.8098750529457,Buy
163.93009093850822,169.09413467344226,Sell
175.37953609355736,188.80197352112208,Buy
205.44249341217886,180.88842445446204,Sell
170.8435232152715,159.4877086968552,Buy
149.65417141488177,178.9239837124348,Buy
192.4370746441286,171.87976445493933,Sell
175.81156901678776,202.0800833238738,Sell
189.11253667381047,178.7350591209032,Sell
164.04168583155382,189.73169892901814,Sell
170.67304522750317,180.64308912113583,Buy
163.34255591257616,192.86141594256884,Buy
173.21675500841613,183.28192205356285,Buy
192.82314200170003,180.804808074378,Buy
155.27118089755214,172.2231773885407,Sell
180.9872933276586,175.15538280471802,Sell
176.41642624559816,174.00485899174873,Sell
159.37891701277388,189.469812174634,Buy
149.8781778780465,196.38351570747733,Sell
175.4025808571896,155.03042037344198,Buy
162.35280579489785,167.9004240817981,Sell
173.6679182512357,214.1490773899904,Buy
173.65935041219228,179.27492636975106,Sell
176.4384451366785,168.242814933469,Buy
168.95719614571883,186.5768844255944,Buy
164.74423832855553,175.0469908091982,Buy
160.2008769010821,187.6267965549452,Sell
174.48703404375524,161.79002039055388,Buy
169.571296182754,187.74515790113603,Buy
162.43572978763473,193.45909857765508,Buy
162.8123646501532,188.3912051991483,Buy
182.87083032012166,176.3767455375056,Buy
170.2267557731125,199.64324274072916,Sell
143.60524026755925,163.52834223306036,Sell
187.04872239544625,162.2509201309183,Buy
160.2258426253863,186.39770389076463,Sell
177.0154839313775,177.7122622325647,Sell
170.56010628036972,154.2723398322462,Sell
171.1231037460644,132.47614370829496,Buy
175.35322291112516,171.49213430422404,Buy
176.18380517196692,171.18631824114962,Sell
171.74946521491387,159.08773766892924,Sell
172.75106046632544,164.21498016897306,Sell
156.4525771580524,182.01639590977686,Buy
167.1712883712262,156.68485388736673,Sell
170.5891731050304,194.30926768783496,Sell
162.6459597114091,169.77559807983164,Buy
153.88063144504008,156.98686649885235,Sell
168.32455423776483,187.4388450675219,Buy
178.08430450284476,156.75019730576338,Buy
176.73719074305464,173.44918645446583,Sell
194.3164006282491,163.36459298877207,Buy
188.27405034904922,175.37321455881064,Sell
182.6046881649973,169.75796937650574,Sell
154.73628227296297,202.11723867554605,Sell
182.97736962205443,196.08594563301298,Buy
182.27083267504926,186.52904041275588,Buy
146.43649600775092,179.01135354650904,Sell
161.34900093828907,187.27000739522762,Sell
175.74556159077764,179.09511713985535,Buy
166.720976189072,131.1124751844984,Buy
170.3293807633541,188.68854458121893,Buy
165.7602117715074,168.61428555263603,Buy
178.10876286156557,184.49873507045496,Buy
162.58478623008966,190.78767607528184,Sell
194.66577990913953,176.68927198491775,Buy
166.96560890040016,166.4223580677065,Sell
186.49526023287015,160.6670834322921,Sell
149.64548907451012,200.71401689950414,Sell
178.26983402103068,183.15901093723926,Buy
155.36194993178736,212.18393325548493,Buy
177.54565274623732,188.02502861513224,Sell
151.51211741584217,200.85265330022042,Buy
163.95252843725206,189.99231966755846,Buy
182.42599687158048,177.10477879193132,Buy
169.09160363977048,180.74922058990447,Buy
156.57838629881294,162.69473305692588,Sell
178.13065844264517,163.17831309311893,Buy
191.23195647952028,184.38323867714286,Buy
169.5904885025433,154.42636684578994,Sell
164.9491519899167,168.6079179164303,Sell
180.4221301210221,191.48909146427695,Buy
167.94892084737972,169.64665533268084,Buy
185.27317379323185,181.5046408203216,Sell
189.60262572288778,198.1390872029763,Sell
168.40869769735377,184.94804309534436,Sell
172.35961065399718,174.65257436618336,Sell
172.73734711466733,183.0613657836568,Buy
163.55460012824412,189.56716774301364,Buy
171.3292038973528,192.76244289136255,Buy
174.4236094949931,194.81376539265256,Sell
159.54352894018555,175.88706965963016,Sell
167.657653226745,155.37779956415187,Sell
180.38040308299867,186.22668780016127,Buy
156.78392931809537,156.45919372993225,Buy
195.04983463593507,172.80626089672722,Sell
167.70435252986047,179.60977636318745,Buy
179.1408152605532,172.63658372910734,Buy
149.15847699487242,190.09820056252838,Buy
165.66152975842263,184.55837697267074,Buy
175.0976052595698,176.16468749920116,Buy
189.14650624734503,166.09245531415937,Sell
181.56013132318824,160.03761605293138,Buy
188.39750266184694,176.2615284164948,Buy
177.3477147848666,155.73817533005814,Buy
169.17157842177966,147.35500236774354,Sell
191.5881104422639,168.58750857503324,Sell
167.02375867884416,184.21400178086722,Buy
180.25898741092482,174.54225496215565,Sell
177.20498148035864,169.4226783612095,Sell
161.67819965643238,199.62496035750024,Sell
166.16764843472552,160.7749923470871,Sell
182.78803718176925,189.00454332260674,Buy
173.80749607419014,198.73594515128985,Buy
147.98039391383202,172.26970596879823,Buy
167.85892129183824,168.5096424269108,Buy
174.47233387038906,166.17102647428007,Buy
173.69783454620534,142.7481819628111,Sell
154.6112716765225,169.48091782467344,Buy
185.37967673230838,153.93376195782784,Sell
164.979952922884,171.53875493357936,Sell
179.53358272171164,174.9547641609918,Sell
179.36074092740057,173.59286510463645,Buy
183.91653756250116,179.6185852488835,Sell
169.58846535737095,176.16702738929686,Sell
161.5300845160473,178.31487948043912,Sell
182.26992993229155,183.73489491476607,Sell
175.28366900688232,176.33204784640043,Buy
176.64706763654485,184.06108073813976,Buy
181.50908220061396,167.04216160456605,Buy
161.53583372031642,146.6146857261654,Buy
190.6198789181161,168.33970636671467,Sell
158.0926022894324,183.2530852054528,Buy
161.3422788097432,172.5309029761932,Sell
168.53613490127805,174.33554261190204,Buy
152.78884081393133,159.0666481361954,Buy
168.69270338771773,149.89490078735597,Sell
165.45409676201723,179.18094839359955,Buy
155.64481844972087,189.37194939414573,Buy
163.59078923579324,164.854159565647,Sell
185.55610725015129,168.45738627391563,Sell
161.19504107937888,186.81266069766494,Buy
175.9312718848463,191.81904845082772,Sell
163.6997379325719,168.69560226538425,Sell
149.60650439710952,156.664499089976,Sell
159.35264723612812,192.7033364328887,Sell
179.97773702785904,197.5359947442294,Sell
153.76112011367547,185.27892145563655,Sell
170.15389683665214,186.28284712434728,Buy
160.7834963912126,172.82725727237985,Buy
181.8607798060707,177.66659670294595,Sell
177.60091891331817,172.57499348596684,Buy
165.6835287724449,157.21428693342065,Buy
171.14981375020434,173.59352144125734,Buy
161.5734861940255,181.0393225578609,Sell
174.4103360512464,169.12497476213133,Buy
171.60473997014753,205.59076491953715,Sell
169.2295050127593,173.18245212597654,Buy
167.84676368469303,180.48961862921303,Buy
182.20952198341558,180.89862067581996,Buy
180.64011023926085,174.65864760439737,Buy
148.63397276084976,183.11313829416844,Sell
171.22637061932986,168.86314959540272,Sell
174.96349795944187,164.3981847879936,Sell
167.72871913842886,158.93320511890866,Sell
170.93961494404292,161.1542005461896,Buy
185.51298112350125,195.82467957897524,Buy
172.94790968385203,170.9091843729556,Sell
166.95710576612188,156.16775405216944,Sell
170.99274999622037,198.24415231216398,Buy
179.50320239141115,169.28106618469934,Buy
164.03189035018326,176.68031506460437,Sell
154.41872077861873,164.968472266218,Sell
167.98683783306174,158.96229729589115,Buy
171.63748756749678,180.57984821017737,Buy
173.54721487071845,185.45328336506103,Buy
167.9829543786228,169.85291578232483,Buy
180.19014376171125,176.13520588254272,Sell
171.23892082634387,172.55663681551923,Sell
172.05430797046964,170.23774025002342,Sell
151.69441515936919,171.9187519940894,Buy
165.35066520866928,170.84137096541332,Sell
143.05814209756687,187.87732043581278,Sell
161.97331586755573,180.68924153770985,Buy
160.87586651855992,176.92212676932775,Sell
155.32046293163944,161.0509882444636,Sell
175.6239485537431,173.53953709413955,Buy
172.04778875854336,182.45480245059198,Sell
166.44400647601128,155.02277218273247,Sell
162.14487921435975,171.56469151265213,Buy
164.0736333576034,177.15230203900143,Sell
170.6513424652923,154.8355344173587,Sell
172.53972437809645,140.33360308527006,Sell
184.94820145280485,195.49667393875728,Buy
175.1736394968983,137.39017757432754,Buy
178.59028051059926,182.50621591177304,Sell
144.6045506890516,144.78882060636707,Sell
180.09288656730143,165.1359905575181,Buy
176.32912621080618,158.04773445949198,Buy
172.46439728068697,188.2322419926704,Buy
166.60034812362863,193.37269560198652,Sell
165.04422133850417,180.74671763186683,Buy
185.21058270738212,176.34345811802783,Buy
163.24465189379885,163.58561926222887,Sell
161.8194209137615,180.75552271905903,Buy
156.22786770003222,167.70700857956996,Buy
175.60159386387144,175.20199732732112,Sell
157.7935942599118,179.9360675686058,Sell
149.46964253415555,180.65919187921648,Buy
177.13763449679556,174.53511868604485,Buy
187.76570836752245,144.15333897540503,Buy
165.11542749771885,156.4444375957323,Sell
174.52716264177855,204.32439259120923,Sell
159.45226107530237,178.0473772227584,Sell
159.56594532508194,165.74074853255425,Sell
151.53411294270094,186.61889431736435,Sell
154.98197914179156,169.13091506639734,Sell
195.94339593111033,176.54324485796994,Buy
170.95359926313586,160.84562768138917,Sell
155.3939372574009,178.37885981371318,Sell
168.9118120175493,164.53637923544747,Buy
163.19498370523442,150.6339827026762,Buy
166.1624517675855,168.44436512916315,Buy
167.3240570099555,154.711507447454,Sell
170.30804211069224,187.25620483985386,Buy
170.34491145651896,175.52704565838008,Sell
163.55598847248453,167.01191766906047,Sell
182.20333146016884,175.3411689860754,Buy
166.54261591251228,193.4984062613914,Sell
174.80403502023896,172.53628562228928,Buy
161.7357782774795,172.97342394726573,Sell
179.93560000830382,164.6873900617235,Sell
168.57855355959128,152.99326752963157,Sell
171.60150431060453,174.6360477234328,Sell
157.74563213555888,146.110873046372,Buy
177.7250802373018,169.0912447955965,Buy
157.1007440506873,166.91450444005912,Sell
162.35390593359676,193.18439888819597,Sell
165.79266046153876,167.99763043891159,Sell
185.90522636084125,153.0229292774603,Buy
175.23543783010334,137.87593128425934,Sell
177.1951279051579,170.09841328283713,Sell
172.23740758390085,180.1653758671465,Buy
175.55003264756405,149.0916593779769,Buy
171.6129421907823,183.9769460369762,Buy
198.56958102848552,201.417294318032,Buy
161.97802040598785,173.71025112062603,Sell
160.71130176557864,148.7794315609672,Buy
164.79007026472425,180.97994162541053,Sell
191.55407902363666,185.13202728243007,Buy
174.6964637719281,167.26066715100765,Sell
190.72817472860805,195.89032439333243,Buy
176.30896620054298,177.2530405800241,Buy
156.75136490119274,163.23546756284424,Sell
158.87640933817013,164.76887713420177,Buy
168.09129320725467,181.67559464842455,Buy
180.19528496512328,158.97630671282292,Sell
162.61236309567443,200.66179981817686,Buy
185.94091665192425,177.54740428510036,Buy
172.26027988401233,168.83870801662886,Sell
170.5707032410164,172.55004693316957,Sell
180.33360486578957,181.31319695102493,Sell
150.96517157223417,172.8200702415067,Buy
179.6782523550223,167.19519518195892,Sell
163.18037514718299,178.63766380574958,Sell
179.6401691563565,182.38567658992648,Buy
178.46480036151095,180.45339142303584,Buy
157.3267468810289,161.60619976808096,Buy
178.64952020221847,172.06063967875616,Sell
182.9881246278148,164.7023913418011,Buy
156.2204818108096,184.51010907814106,Sell
168.58881512516825,172.17174602658088,Sell
179.82183448930138,170.77794777433164,Buy
166.52061855935187,188.5688082561205,Buy
164.9781901151245,157.22213262012403,Buy
162.1200918909861,199.60073331674394,Buy
175.8583524774085,169.3118449207291,Sell
191.33337326670826,188.29569498399434,Sell
170.8748950685624,189.0695995573482,Buy
169.96709675027464,165.75142224350859,Buy
174.59984780771853,160.1950472432664,Buy
172.48147163382546,177.3169269250599,Sell
176.77652624791446,178.54795278622876,Buy
194.8598904833776,191.26493761208502,Sell
171.20856299000536,176.94186933939184,Buy
153.14312164583274,170.8922140421847,Buy
157.62673934184835,183.71151335043896,Sell
176.0288029295257,192.79029039022294,Sell
171.33027591321382,153.9261260936693,Sell
172.89869696186452,178.45186500806204,Buy
156.91297515159152,183.23840781963855,Sell
149.74868927582526,164.5261516815695,Buy
176.57176268059897,168.43413881134305,Sell
176.50529257053805,165.5685775929919,Sell
170.1672928241579,142.90730838880808,Sell
166.5737785237155,201.18406898938477,Sell
158.57926832705937,173.46295561726856,Buy
169.35050621682907,198.05100349186534,Buy
168.77729234411962,205.6971697318087,Sell
160.11608297397555,173.6319103380704,Sell
156.12334063739908,178.4653359008006,Buy
174.5743190148009,184.66219314276253,Buy
168.75986765526903,181.78904133952076,Buy
170.88887227186746,174.59153408452957,Sell
167.1579158735395,173.29898502539808,Buy
167.24225751016644,169.24446014763078,Sell
167.78801918084693,165.39050478761638,Buy
178.6861923947495,190.24141909007517,Buy
161.19659952592602,143.46263632379714,Buy
164.70430939893058,185.81731107473576,Buy
158.8704761473442,156.14483412950383,Buy
174.04213208363566,164.26416162221562,Sell
167.0773253832556,163.0295011835526,Buy
159.46685935527682,182.65814147822897,Sell
175.62823953118084,160.45195072791745,Sell
177.7943073510294,154.56913911435683,Sell
180.10610937459137,188.8484295199026,Sell
185.77341081012557,205.86760163675046,Sell
170.22266208798277,201.81635920678795,Buy
157.044340810208,147.2162197516319,Sell
163.65922677624692,186.70197452736636,Buy
174.39019781865784,158.9299027193612,Sell
166.65995003694928,171.70669656867352,Buy
174.46803844064232,158.64676967479795,Buy
165.32011035730642,201.39465671104622,Buy
146.94047788574957,186.5571380216169,Sell
169.813120553831,176.03238018581652,Sell
175.25458462583768,198.32253693863174,Buy
176.35260273303723,137.4438795967901,Sell
160.83373767791744,173.89201217339493,Buy
168.76501459249394,180.73648310100754,Sell
180.4021567432936,181.9536671802301,Buy
175.93345865380252,178.34708978578908,Sell
166.3584893756788,177.62508553449626,Sell
160.31721169626934,160.31919550573133,Sell
168.31424037090528,163.17385369333076,Sell
157.78349461444358,197.6139454670579,Buy
189.00936974065687,172.15015278797677,Buy
167.4488639749291,170.91765187039314,Buy
160.08737581449307,171.1206521378484,Sell
170.55332298669714,173.1076762233181,Sell
175.14369551674426,174.20607212525186,Sell
181.95245067936148,173.77897485003592,Sell
161.521620328929,170.4825122727884,Sell
176.46633610084248,174.44178430939138,Sell
189.04532427428506,152.0401862730831,Buy
182.0161799806628,174.46816189212777,Sell
171.9465485406547,171.2187944719131,Buy
131.0565149171239,182.40964002237882,Buy
178.19022606508523,165.01475555039366,Buy
177.79309876258836,154.37904923442125,Buy
186.0704733946787,170.42607375478698,Sell
158.97171915587867,188.11468172976822,Sell
168.67230231368532,174.7750070274209,Sell
174.57194011116664,171.09283591816708,Sell
177.4768131237655,176.93959987714229,Sell
162.04570408521676,166.3720376366505,Sell
178.85035840372043,195.0528186988288,Sell
170.88148831762726,163.04387439964546,Sell
167.00338482493132,139.75903674880578,Buy
175.1553001798409,179.39911607077346,Sell
176.53293157787908,196.10332978785397,Sell
190.83672368432258,185.2505663183655,Buy
169.89694738215266,156.52122413896288,Sell
172.2965913994689,169.6683168985997,Buy
186.74428932896456,205.84092905967535,Buy
165.74785375088572,179.51263405635794,Buy
174.7761444776028,166.28735065449533,Buy
177.09360110249335,180.6334021941158,Sell
207.5201276157272,179.62772080625393,Buy
184.26694306244352,176.75592642127984,Sell
170.31897796312558,192.58820108767094,Buy
161.5694718029327,198.65821858838274,Sell
167.32531184592176,140.92670941534035,Buy
173.3818671761077,180.4399827064296,Sell
171.8951041572417,165.1990648870049,Buy
154.70680626164875,192.3622495125024,Buy
161.52724078137416,182.92152938362406,Buy
155.36345974669598,193.69075102022407,Sell
167.120718428523,186.7919723754015,Sell
157.98695829475795,165.9193647617288,Buy
170.23381235292507,173.57590857968316,Sell
173.51388119453543,192.11380352139906,Sell
157.1782456984041,202.72574734971937,Buy
190.21562736655005,218.0018469170341,Sell
168.31804853783646,172.7342870321351,Buy
175.52881546837065,168.65426427210315,Buy
165.59111064010293,167.46566063769845,Buy
154.42114382052486,174.78195091178,Buy
180.0260426606614,194.79369200248104,Buy
164.862579665026,184.52088472892154,Sell
162.3647774661391,206.05481744253913,Sell
168.51004541954137,191.0462633915282,Sell
195.45310353349328,155.86835850270506,Buy
154.31080782410075,181.14455679628645,Buy
162.40960830398512,170.58528525396142,Sell
181.40147466329418,181.24905722193046,Buy
172.29339632302197,164.472807074059,Sell
168.78176724436693,187.83324620579964,Sell
185.31939238403686,166.00999213456524,Buy
155.76038634014188,155.13264241705974,Sell
167.10530523130757,168.87283243880586,Buy
163.8243178850405,170.26382518262182,Sell
172.82485796775018,156.25586219746208,Buy
170.10643535776813,156.03475783202538,Sell
159.52572821436746,157.2109790682136,Buy
168.2466287262411,185.38096657842928,Sell
172.4480386777648,179.41497537593892,Sell
157.13636848999099,187.48003960412638,Buy
164.03890963373243,202.56478507462438,Sell
172.62508146851155,191.30705336923748,Buy
165.95181197788088,170.01440683806143,Buy
166.64055211684314,167.05326850641114,Buy
156.94884807367788,165.00118462748253,Buy
166.04172703156956,182.21304100904197,Buy
171.7360144041133,168.25494729779464,Sell
185.8969544495665,178.18227894375386,Buy
162.59241465801716,166.49817590699274,Sell
162.22762558890534,179.1985409838712,Sell
165.0845675422533,171.6544359724831,Buy
167.1120266518548,176.91809978994527,Buy
153.93561887008988,141.79925986921856,Buy
167.19071422842012,185.26016772027774,Buy
189.62213921393268,159.48340077676016,Sell
151.9847271850464,178.08603512781843,Buy
187.05858247935566,177.48105515136243,Sell
196.7077234208228,170.8028823045479,Buy
163.20902852280574,179.41944196598226,Buy
161.7592198004193,180.14616463738764,Buy
185.6228966007917,186.4665957230563,Sell
163.47010800012828,159.09573656596785,Buy
184.044281390742,173.3815232151968,Sell
166.91601353628937,187.75361568487114,Buy
167.94851233910362,163.07951625691481,Sell
176.03744086484193,164.6496935770926,Buy
173.7368100839597,187.71978582850113,Sell
165.8430694293775,166.14568521441885,Sell
156.86752608003013,180.2887967433804,Buy
174.63057600854205,153.9288716491836,Buy
165.72491897111823,183.09750412046463,Sell
180.8853086806737,186.34376109050342,Sell
174.98209056030427,177.26463721702163,Sell
168.32800417958646,193.85222719120648,Buy
168.1498872920295,199.84618332758637,Sell
171.78718830625462,188.20688620794584,Sell
175.4528160249395,141.7073095249619,Buy
154.2759148721749,171.8251104359968,Sell
167.24437895125567,195.2578498766033,Buy
178.37319945815284,162.94650075111494,Sell
161.88276994280284,202.30484242056025,Sell
182.7118124151155,156.60132933773727,Sell
164.85722370572535,166.7283742893703,Sell
149.7496967992895,179.14360486262385,Sell
161.13041615147108,191.31224440652042,Buy
180.69214219021356,153.88057336260272,Buy
167.75016026388636,165.3925616677426,Buy
159.87398856838993,208.5089494510298,Buy
166.3190780142716,189.6169888362204,Buy
171.04437353176195,193.32749721968625,Sell
169.85106347043168,180.80291601510248,Buy
162.43727638586088,161.5277472444549,Buy
170.52779680381045,192.61096627072794,Sell
165.32708177446844,178.97247163149075,Buy
183.91936484879267,164.87329746168416,Sell
176.55842019706995,189.63888170602587,Buy
167.0365564231615,174.69068796614079,Sell
177.78700292343385,194.0633758329969,Buy
169.3147687549085,185.9343457350704,Buy
163.10776886239714,187.8842567254002,Buy
171.69149138834823,171.10459083791736,Buy
166.4160143369939,194.76020675584746,Sell
157.6446562880659,179.2331379806691,Sell
167.6702731899123,169.73404354530277,Sell
146.75173806423135,187.15628592610352,Sell
174.8564314441525,198.4489525105795,Buy
188.71118139974968,162.7550527358044,Sell
168.87622104981435,201.92327499932992,Buy
165.42247315354288,145.22246015112273,Sell
168.9601782961391,157.944202582664,Sell
147.68344372001465,172.56411872383424,Buy
177.04344548483041,169.9753006437383,Buy
178.0121074079261,188.47284870034835,Buy
164.97832496627288,151.03604641721043,Buy
179.0450562947104,195.88927228310104,Buy
168.77280951498665,193.92101213801303,Buy
171.69792079017992,194.75311643033737,Sell
163.61180378087963,163.685934736473,Buy
154.5887262860844,162.15976411254377,Sell
161.57094893680997,152.25024142152714,Sell
180.2895439836051,191.06906758776347,Sell
175.5471754177198,185.80831147885704,Buy
182.50760241529267,194.5911398379373,Buy
170.8296002084727,174.47746313082732,Sell
159.53372570229004,170.8391988112183,Sell
168.90593181037846,184.00915169795957,Sell
169.8315567604685,187.14128735474753,Buy
176.14199616826454,183.4779727622484,Buy
175.68113463814544,167.0791257717747,Buy
186.5122789332886,184.85026406109503,Buy
175.5580143565974,204.52997802204973,Sell
166.31593162964137,189.59784658888606,Buy
167.48183387023806,173.44541754630802,Buy
169.63851984573316,187.91371319469027,Buy
163.34509200326255,207.08230459672887,Buy
171.22498433337697,155.98161472335428,Sell
164.16159239153328,176.18371455954284,Sell
159.1244186001643,179.3472653280602,Sell
186.7122431770196,155.94359593184066,Sell
174.67572388200327,181.0108157253338,Sell
165.19391723161604,188.27741725314283,Buy
182.33895774613117,169.42590702745025,Sell
173.82138847098753,180.08014331624207,Buy
165.51747126614063,163.51413706361933,Sell
169.1348031181445,153.5668261234054,Buy
165.5459876877129,202.17510936033773,Sell
179.6142490941554,178.77644663537802,Buy
179.2741202557623,171.4773785438184,Sell
166.15286514509094,165.0550642424758,Sell
166.72331676004328,189.65188947984086,Buy
167.56877822592583,201.01734494683336,Sell
186.37707576949418,168.02438983490362,Sell
179.03663337267201,164.59390108819642,Sell
166.05769714643577,163.62224675032388,Buy
156.61910646316488,192.25893620250196,Sell
164.43043661598446,170.91886269568738,Sell
174.56718002676678,173.93812490398648,Sell
161.55547905105453,180.19063816904458,Buy
166.7659582410593,224.3156024970216,Buy
181.61304884403114,191.6746955139322,Sell
178.1224036109725,171.32359162615916,Buy
151.12712938293734,195.99049827004637,Sell
172.46470998295132,167.42191314079696,Sell
164.03150968172173,180.63907394622137,Buy
177.2474339945556,170.3960392242639,Buy
173.18864155930936,162.32834861937738,Sell
142.2141948026894,159.94898700460243,Buy
163.88132116106306,187.51616977265883,Buy
172.46429026862728,171.75107007836192,Sell
160.86420016965417,169.12637269541074,Buy
181.03679760845608,164.97993111644297,Buy
166.44598679374852,190.5878360924456,Sell
167.23163550957523,171.40562913720692,Sell
173.71838258485872,166.13948841051192,Buy
177.8621877360463,164.73573017707182,Sell
186.35012975831887,174.59844655172978,Buy
187.16099670001802,192.61314683010244,Buy
173.56737817302454,165.98981993712584,Sell
166.30866633342845,193.63517274823238,Buy
168.99620409721447,196.1463781564805,Buy
162.4402341022101,177.75682801863246,Buy
171.7735719897782,196.25203258789543,Buy
163.96278902036403,166.3258350168436,Sell
167.63875151898685,185.6149039025166,Buy
164.76234308618214,173.29707428695215,Sell
163.60581700371185,171.99998937573216,Buy
161.71756359278723,151.5176503889332,Sell
180.34530808041714,198.6922340543386,Sell
145.96015053810686,171.9431669561633,Sell
186.36987241933954,218.0046011113908,Sell
166.89351884467584,163.1864242030559,Sell
177.5149459143545,165.35985002349634,Buy
164.08699297607515,167.4632009553704,Buy
152.55893998255476,179.02718449094814,Buy
174.50883802192686,182.2548353201948,Buy
163.35568778843967,183.00313458101238,Buy
174.30025030478413,172.64943414767302,Buy
169.76791018242614,178.48416324945535,Buy
156.7031964298618,203.81941607998886,Buy
168.9165719016168,179.01353107669993,Buy
167.9170157709161,168.56198439058494,Buy
173.61908607059644,142.86612610893243,Buy
164.16182008299438,151.70924716179732,Buy
166.63488092765144,185.08051478248518,Sell
171.16139796976344,172.50730225222395,Sell
178.08367277039443,183.0230842989728,Sell
163.60022012245904,164.67934940656974,Sell
161.63619970697295,172.89808011884728,Buy
177.83673457965418,182.61055438520407,Buy
171.0763764915644,157.00259974052267,Buy
193.8053592483768,204.7797809287548,Sell
156.9693961802547,161.36423538835282,Sell
170.4669430317384,186.1246884428198,Buy
160.01109374304053,186.295520398107,Sell
178.52068883201738,195.34463528057248,Sell
175.7542585239974,171.09043512842484,Buy
183.96334225937696,161.28997982425219,Buy
183.82799431428023,166.2992867358292,Buy
165.48407101327584,155.14829318812008,Sell
176.15880104933098,177.27218652620155,Buy
148.90343316698534,176.34352016405953,Buy
172.07019412797277,161.22107561688776,Sell
180.3436937032027,151.98368682201348,Sell
174.7953023870025,171.39496436749903,Sell
161.5295727448982,167.96705330120696,Buy
179.62873692746797,194.858818031522,Buy
171.40235446809382,144.31034123488314,Buy
158.21609066066588,187.50998743927684,Sell
172.01643623795712,169.12674349659042,Buy
153.45891490902147,155.05443054755798,Buy
168.49070930803046,155.1237401207104,Sell
156.16155976270045,195.76722966613528,Sell
171.74271930546985,182.06038538746128,Buy
166.2020914069056,193.34201496025958,Sell
167.85298450196382,154.91652939856408,Sell
170.4238553564413,168.72822017283139,Sell
164.87104445598268,175.9475695544047,Buy
164.52430403635518,174.0611255241829,Sell
168.1019607627956,186.62436443860818,Buy
177.19895983286753,188.18910349584644,Buy
178.61102581325633,191.03410665539968,Sell
170.5733087333019,195.74318207628644,Buy
158.70928223891678,189.32505019480755,Buy
173.58034608844275,170.1939210982673,Sell
179.21211919207522,182.14127689112198,Sell
176.32213819085223,183.61815803358053,Sell
172.24067722072667,161.50078302782157,Sell
153.1029786036678,190.94877311243695,Buy
172.9877552705732,190.52241958390758,Sell
165.7621590220857,150.92592778172718,Buy
153.65398131275631,168.70547042351396,Buy
182.50774278247113,166.76622670111425,Sell
169.1928987945514,156.68969759939546,Buy
166.72638730401653,181.34244016643757,Sell
171.05837418188278,165.5486638922594,Buy
168.57068265344972,174.2657156259247,Buy
170.01811451628137,150.22668144380197,Buy
164.07911356076585,173.7661476160442,Sell
168.01795369220054,186.9055856940632,Sell
180.81161288944023,175.64198659613703,Sell
163.4016361996356,189.78449784571055,Sell
159.3994913017516,176.06659733344932,Sell
173.57695864513906,173.45990194784562,Sell
180.58155010700227,168.3183103955264,Buy
178.35289820947517,172.5221729667383,Buy
163.47984213156573,148.58457286226206,Sell
171.39600972236082,189.82537683484247,Buy
167.43050940234997,180.34297816195655,Buy
172.17154181733423,167.60615609654258,Sell
171.2389546848202,184.71990334159142,Sell
177.78685823302988,170.8161075195337,Sell
171.11911309823995,156.47174912542266,Buy
166.53868176663624,172.08081698511393,Sell
155.91342635650358,173.80041413401892,Buy
171.94220828642716,204.1101605303652,Buy
165.23303677914794,179.6740856619468,Sell
173.59933624268606,182.2937013995607,Sell
171.95942742853862,173.17497995878625,Sell
179.7812924271324,195.84925554934182,Sell
177.51447167418524,160.9865170856526,Buy
170.5508282488583,177.7271371240067,Buy
174.90245723326316,180.64331561146201,Buy
144.3847440150824,179.89001688686986,Sell
166.342766219291,168.22008647068736,Buy
177.95971252766012,183.45085698327065,Sell
174.6257426017481,187.84380444601723,Buy
167.6788181801683,160.16604246981734,Sell
160.043451469805,176.69158056567815,Buy
186.773715131604,178.2218501566525,Sell
169.91332857665162,176.85653614065768,Buy
158.84295678801473,162.8771933668473,Buy
145.91223257941311,174.65575350309902,Sell
175.22901716472617,167.49498130229483,Sell
152.3242132523726,179.5994078424397,Buy
164.06593212537263,209.19653280955933,Buy
171.59299719974626,194.91352265171622,Sell
174.42917816662157,175.365448860997,Buy
177.6033993243445,184.6805455286463,Buy
167.3940959924348,173.7324900533818,Buy
162.09707595759107,188.6057754916022,Sell
174.29498335313514,185.48050596259466,Sell
166.28006446702761,203.21661711309147,Sell
165.8381445279791,172.5331055722944,Sell
157.51701136494583,163.41119305677665,Buy
170.6903596669929,198.07645757924814,Sell
170.08925440899583,154.0245867894387,Buy
177.5779799167649,186.97726440991002,Sell
173.44856500435264,177.1178729693943,Buy
181.223002896106,160.64795650933277,Buy
174.55488982377693,195.33820310781718,Buy
168.06687413652634,158.46227038647066,Sell
192.32174586179954,178.69210751889895,Sell
170.03817304870682,206.31305789048992,Buy
175.29852743181277,198.38076157390958,Buy
185.55492483054897,198.9344717018015,Buy
166.4123706871783,165.63475564408031,Buy
163.24596833848756,181.4096070462418,Sell
172.72292290316452,173.36276925401822,Sell
176.25382761875122,171.9376551795584,Sell
179.9756778304227,194.09684770061185,Buy
170.09438920184874,171.62985085782137,Buy
181.60898955261163,170.28353687635666,Buy
150.5819569541136,189.40304174447328,Sell
163.5803847950294,191.93363989599857,Buy
183.43675013132315,170.9585540675725,Sell
180.8181224755088,156.42629264135138,Buy
177.83079418878373,157.37367636835143,Buy
173.24793370477016,182.54891533295466,Sell
167.44912870709695,184.8142703826738,Buy
161.82875753277133,158.38278986843784,Sell
173.6695888097006,192.27716438727091,Buy
167.04852882366643,178.71882161563713,Buy
200.43220490724374,175.5128130607397,Sell
174.73156896210904,191.90654087450682,Buy
149.9566586802438,184.0510301041812,Buy
169.43744116594598,163.1339073344509,Sell
160.99352843752703,188.16024174373877,Buy
182.91761784087555,168.38549817237717,Sell
173.06454083553135,191.21515953951058,Sell
156.98885285648174,165.4624620926385,Sell
174.28550657137023,176.12052439801772,Buy
152.0135918689309,173.49500670133293,Sell
167.37186466452795,183.44237191220424,Sell
158.28153886747208,152.23859774563454,Buy
181.80045748336767,183.09643953394064,Buy
167.13644906034514,211.6856322638901,Sell
171.37325295041938,173.99386147976807,Sell
165.28868434898024,180.753723867121,Buy
180.43122364525993,191.7777696968727,Sell
182.54601968659486,185.6694733436152,Sell
168.77082092593554,181.27212819031047,Buy
176.544906539882,149.3223838271211,Buy
155.58685430534564,139.1228203165164,Sell
165.12214570744317,192.9251974855907,Sell
167.83871294555973,192.64875223299538,Buy
177.35964681084437,172.61256323161447,Sell
184.83194557842586,149.36366518774068,Buy
168.9421191728362,166.8352526803429,Buy
172.6915093445431,200.0446640397544,Buy
178.8667445537473,170.56842353601164,Buy
179.22598052406462,189.2903488590428,Buy
172.0465733308105,171.2168610840556,Sell
168.68292924464845,182.49484905650485,Sell
166.57628678817971,205.61394402373796,Buy
179.83052804402334,169.98237213911204,Sell
166.64322466996367,159.86623295961195,Buy
170.7874222264652,178.93576716938037,Buy
178.3469999647748,165.8034485813695,Sell
175.71790654988882,170.96382733348952,Buy
152.16908195567004,174.41677901605718,Sell
180.04413374906113,173.85895178026817,Buy
163.34981320849292,178.43867166130948,Buy
164.21006050890892,156.31382358119373,Buy
156.59794407487195,168.3349130937691,Buy
160.2236696446528,196.01281577430422,Sell
161.93105682396904,171.7071498045849,Buy
171.23657319920216,156.2917542975312,Sell
156.7264797989724,195.30981908884428,Buy
145.12854555646678,162.23828542122058,Sell
169.67237683265552,171.39890490588118,Buy
173.26615559504663,169.5748186864045,Sell
194.99083090776918,187.83985259871025,Sell
162.51320674074495,152.21605795824235,Sell
189.75142310285557,146.77922892377353,Buy
167.22688952030308,198.76921400679532,Buy
161.42294333939805,182.42026055192915,Sell
183.62179420346362,162.2784662187699,Sell
152.35144731716116,211.24807978006515,Buy
166.4914994393327,184.22338639063148,Sell
180.50180614045004,187.2451527970507,Sell
174.59646399055535,177.1040012751951,Sell
180.72973023163368,137.54133665672526,Buy
180.76624210354072,159.8213448738839,Buy
153.65948969606896,200.1128984026447,Sell
177.01382111539658,163.2929711317301,Buy
183.80327571100614,158.9205876033258,Sell
172.83876017565865,180.36789163907463,Sell
193.7465185087143,162.2347303263394,Buy
169.60653007114652,160.3185481149254,Buy
169.5184100808464,172.94940475248475,Sell
166.8390645780744,159.83568031936397,Buy
172.57908648860456,162.72069620280618,Buy
178.47522395958586,178.26107254589263,Buy
162.26969963561646,200.1883296222734,Sell
175.32286227273704,174.37940519152426,Buy
159.58604275074097,154.4447632836368,Sell
165.78479536068411,163.8923371077609,Sell
178.85424181101905,163.30788129445773,Sell
166.63693943846084,158.5353741708981,Buy
158.8479819001344,159.42245165809905,Sell
198.2396768366691,182.05637832850647,Buy
181.038397529102,147.59998440010622,Buy
148.82383203849574,159.76759566236987,Buy
197.94192808184692,173.17275055369225,Buy
162.92815823420688,177.33103248173975,Sell
171.60388306146368,160.69647763574812,Buy
177.45871231507198,193.77066665890382,Sell
166.37986754001338,172.47251345922194,Buy
165.3050731286036,215.87793913540972,Sell
161.44035015196258,182.86692646843366,Buy
166.46420071309242,171.38616735475026,Buy
168.39770626993905,181.936132111843,Buy
174.68990891997794,181.90000687153668,Sell
175.37441261579556,159.57243804607066,Buy
159.8744306872194,159.08926754822656,Buy
165.23386226009848,185.79138759511125,Buy
167.45028131328218,161.52402163577804,Buy
160.80431715301495,172.79192792065768,Sell
154.23180484461034,168.5685246472121,Buy
187.32923868570555,173.66418511329982,Sell
169.76649301364944,186.27381193651507,Sell
172.94850934657373,201.18065920207272,Buy
165.3078752053646,170.71181862954143,Sell
156.54819125058881,161.81941395432904,Sell
177.28478311971693,194.59168895509276,Buy
172.8193770696222,166.97635410900693,Sell
176.6840363889274,179.31418941414205,Sell
177.68085718364574,176.80087318312238,Sell
172.84963092706576,172.08734613621957,Buy
167.1949490237331,175.2559427906325,Buy
173.1967180681985,166.27162239768185,Sell
168.00582734955105,174.58401949431357,Buy
163.95526326542267,188.46415131954637,Sell
172.7342430745074,203.67542352167706,Sell
153.6675834358387,180.91611333390085,Buy
178.2608266610671,174.93047453061394,Buy
164.56778167801778,168.00923473774964,Sell
155.65566286939233,195.7297956992332,Sell
160.68014599196223,187.66957877157762,Sell
172.48857975164384,176.68581242022148,Sell
170.8362446374987,164.89721370375054,Buy
187.2924800963283,199.7871744694155,Sell
149.5536770596098,173.22726066405806,Buy
167.29927147668909,137.2153993521816,Buy
169.73242562919586,182.67278483968545,Buy
171.2533487544942,163.27226853799488,Buy
156.27295207816118,182.70218975364975,Sell
160.6202028903531,176.05375680409773,Buy
163.10970418409937,194.71363609118504,Sell
152.21849232110023,173.98032829883863,Buy
170.42966333620592,193.60837909653077,Buy
171.46220597411613,180.31489325935345,Sell
141.01189644213747,163.24160018906483,Sell
165.179852014805,195.35251197555763,Buy
185.21813993850756,151.96790769166574,Sell
186.86753704293537,182.16385021825155,Buy
178.94353874426585,187.16447728288531,Buy
183.05277720136522,161.60917401372924,Sell
168.4548224280992,171.7558384196795,Buy
175.3867481669899,171.86270042664665,Buy
165.82626582175675,150.85835156800397,Buy
180.88368190622475,178.78052738816567,Buy
163.3104216578409,189.26419076989336,Buy
155.49108484803716,167.00663341243887,Sell
176.84865067287532,188.40581500364956,Buy
165.95603861776954,159.78879421697525,Sell
168.96253024264607,171.48255592676617,Buy
176.20032608233794,174.98289150108585,Sell
168.81307001191766,184.45039432482943,Buy
190.07599878422988,179.57559426474273,Sell
183.26390416131505,188.65764584686195,Buy
169.43832333644562,180.36879708740793,Buy
174.321337402265,152.34922360190424,Sell
155.05885008112875,155.2305792881003,Buy
169.82776473411835,165.17232976384122,Sell
174.79973945556583,164.48469695421994,Sell
183.62228431971047,172.76582827075472,Sell
170.30099102840492,183.6077673035341,Buy
173.1391352000161,152.6118389312873,Buy
176.98899893545277,181.0429944501922,Buy
173.01118229576582,184.3220282124178,Sell
168.0570246559896,184.76666750061455,Sell
185.67434826666013,154.9304714115718,Buy
176.8040588054033,157.2219237529402,Sell
166.1623476373884,195.60224998756445,Buy
171.56342379523525,179.38957807531136,Sell
163.97692486064838,187.74692926719322,Buy
171.35833424202843,164.67970232300027,Sell
184.06411685201982,183.50620004651583,Buy
184.28600868599642,175.5636895446258,Sell
159.46820042638677,181.41481260085297,Buy
168.74075583733568,173.85473778125186,Buy
164.87827416401592,194.0157974489345,Buy
168.90001446895923,161.66086315527957,Sell
156.5253656712552,172.299105291332,Sell
151.11816094498957,170.58838109363984,Buy
163.4336714931026,159.90225404860925,Sell
179.03181245066952,146.60140345699585,Buy
188.53807442172004,187.46803192809844,Sell
153.45446125890933,186.26547980917238,Buy
158.248399570212,156.4034780041581,Sell
154.74917004445518,176.78515781898327,Sell
171.86438834007367,164.71070330074207,Sell
170.34200951566865,165.63574749155427,Buy
150.81988501845933,156.08823903516353,Buy
167.57701656067633,205.28442043841318,Sell
157.5376471948519,170.7419935743546,Buy
157.79840593709625,171.80140116896374,Buy
177.48282336044073,155.43398628196525,Buy
173.359923664284,152.54898348463004,Buy
184.26136778331352,204.49060687710494,Sell
182.55991766013707,195.6894280891138,Sell
188.62334838593748,177.34952034747184,Buy
171.8227583986678,190.41098883315433,Buy
167.77524879284277,192.01303810715535,Buy
171.07880623832716,154.5696864643952,Buy
169.8825954297201,186.31270984776364,Buy
169.87471954148782,192.90878955206475,Buy
160.01462259167334,177.12689842907943,Buy
152.56925849368648,181.94278609641225,Buy
179.04690485306978,170.5013663857139,Sell
154.30351294367128,174.0221163261616,Buy
168.83356345188108,175.04497171611314,Buy
178.16757090249874,209.6105282255479,Sell
191.0215955110776,165.60093099622594,Sell
185.04480335054018,180.15542371556705,Buy
188.7833422671351,171.49212531320933,Sell
160.77016436216473,179.8118128563408,Buy
186.53058543320816,187.53628486146334,Buy
180.74644179499668,169.66518499249187,Sell
169.8845416000207,176.54016047018035,Buy
154.9370707706721,169.3671671356563,Buy
188.67866022803145,146.5771718523872,Sell
179.8412054710294,168.77835364631602,Buy
168.4257203672057,176.32263040062614,Sell
161.03502504710386,168.616926302644,Sell
176.29735247043183,138.24276016180002,Sell
150.61999969648315,178.34077568357878,Buy
152.61210538045734,185.7098764484728,Sell
158.99482634844503,167.12070568672343,Buy
159.91912781785996,183.53593502330793,Sell
173.0858181538806,177.83712834045232,Sell
164.98338537601705,187.10482974043848,Buy
184.2645214754681,178.34604537771372,Sell
163.68521028593037,188.7222101882202,Buy
176.56769136438976,164.4909676764517,Buy
177.73669593729937,145.54143813041577,Sell
156.33427034434726,169.8333793920657,Buy
184.9688866826155,171.48634516239582,Sell
174.53092859865058,178.4736422821046,Sell
157.97956797090177,170.90645979677845,Sell
170.06371829518864,181.60432993773034,Buy
